[
    {
        "fields": {
            "creator": "",
            "date_created": "2019-12-11T16:05:45.804Z",
            "date_modified": "2019-12-11T16:05:45.804Z",
            "label_lang": "en",
            "legacy_id": "",
            "name": "planum",
            "skos_changenote": "",
            "skos_editorialnote": "",
            "skos_example": "",
            "skos_historynote": "",
            "skos_note": "",
            "skos_note_lang": "en",
            "skos_scopenote": "",
            "skos_scopenote_lang": "en"
        },
        "model": "vocabs.skoscollection",
        "pk": 15
    },
    {
        "fields": {
            "creator": "",
            "date_created": "2019-12-11T16:05:45.444Z",
            "date_modified": "2019-12-11T16:05:45.444Z",
            "label_lang": "en",
            "legacy_id": "",
            "name": "square_trench",
            "skos_changenote": "",
            "skos_editorialnote": "",
            "skos_example": "",
            "skos_historynote": "",
            "skos_note": "",
            "skos_note_lang": "en",
            "skos_scopenote": "",
            "skos_scopenote_lang": "en"
        },
        "model": "vocabs.skoscollection",
        "pk": 14
    },
    {
        "fields": {
            "creator": "",
            "date_created": "2019-12-11T16:05:45.413Z",
            "date_modified": "2019-12-11T16:05:45.413Z",
            "label_lang": "en",
            "legacy_id": "",
            "name": "area",
            "skos_changenote": "",
            "skos_editorialnote": "",
            "skos_example": "",
            "skos_historynote": "",
            "skos_note": "",
            "skos_note_lang": "en",
            "skos_scopenote": "",
            "skos_scopenote_lang": "en"
        },
        "model": "vocabs.skoscollection",
        "pk": 13
    },
    {
        "fields": {
            "creator": "",
            "date_created": "2019-12-11T16:05:45.350Z",
            "date_modified": "2019-12-11T16:05:45.350Z",
            "label_lang": "en",
            "legacy_id": "",
            "name": "excavation_object_type",
            "skos_changenote": "",
            "skos_editorialnote": "",
            "skos_example": "",
            "skos_historynote": "",
            "skos_note": "",
            "skos_note_lang": "en",
            "skos_scopenote": "",
            "skos_scopenote_lang": "en"
        },
        "model": "vocabs.skoscollection",
        "pk": 12
    },
    {
        "fields": {
            "broader_concept": null,
            "collection": [
                15
            ],
            "date_created": "2019-12-11T16:05:48.054Z",
            "date_modified": "2019-12-11T16:14:50.293Z",
            "dc_creator": "",
            "definition": "",
            "definition_lang": "en",
            "legacy_id": "1-2",
            "name_reverse": "",
            "namespace": 1,
            "notation": "1-2",
            "other_label": [],
            "pref_label": "1-2",
            "pref_label_lang": "en",
            "same_as_external": "",
            "scheme": [],
            "skos_broader": [],
            "skos_broadmatch": [],
            "skos_changenote": "",
            "skos_closematch": [],
            "skos_editorialnote": "",
            "skos_exactmatch": [],
            "skos_example": "",
            "skos_historynote": "",
            "skos_narrower": [],
            "skos_narrowmatch": [],
            "skos_note": "",
            "skos_note_lang": "en",
            "skos_related": [],
            "skos_relatedmatch": [],
            "skos_scopenote": "",
            "skos_scopenote_lang": "en",
            "source_description": "",
            "top_concept": false
        },
        "model": "vocabs.skosconcept",
        "pk": 289
    },
    {
        "fields": {
            "broader_concept": null,
            "collection": [
                14
            ],
            "date_created": "2019-12-11T16:08:58.133Z",
            "date_modified": "2019-12-11T16:09:01.399Z",
            "dc_creator": "",
            "definition": "",
            "definition_lang": "en",
            "legacy_id": "j20",
            "name_reverse": "",
            "namespace": 1,
            "notation": "j20",
            "other_label": [],
            "pref_label": "j20",
            "pref_label_lang": "en",
            "same_as_external": "",
            "scheme": [],
            "skos_broader": [],
            "skos_broadmatch": [],
            "skos_changenote": "",
            "skos_closematch": [],
            "skos_editorialnote": "",
            "skos_exactmatch": [],
            "skos_example": "",
            "skos_historynote": "",
            "skos_narrower": [],
            "skos_narrowmatch": [],
            "skos_note": "",
            "skos_note_lang": "en",
            "skos_related": [],
            "skos_relatedmatch": [],
            "skos_scopenote": "",
            "skos_scopenote_lang": "en",
            "source_description": "",
            "top_concept": false
        },
        "model": "vocabs.skosconcept",
        "pk": 502
    },
    {
        "fields": {
            "broader_concept": null,
            "collection": [
                13,
                14
            ],
            "date_created": "2019-12-11T16:08:43.945Z",
            "date_modified": "2019-12-11T16:10:26.403Z",
            "dc_creator": "",
            "definition": "",
            "definition_lang": "en",
            "legacy_id": "f-i",
            "name_reverse": "",
            "namespace": 1,
            "notation": "f-i",
            "other_label": [],
            "pref_label": "f-i",
            "pref_label_lang": "en",
            "same_as_external": "",
            "scheme": [],
            "skos_broader": [],
            "skos_broadmatch": [],
            "skos_changenote": "",
            "skos_closematch": [],
            "skos_editorialnote": "",
            "skos_exactmatch": [],
            "skos_example": "",
            "skos_historynote": "",
            "skos_narrower": [],
            "skos_narrowmatch": [],
            "skos_note": "",
            "skos_note_lang": "en",
            "skos_related": [],
            "skos_relatedmatch": [],
            "skos_scopenote": "",
            "skos_scopenote_lang": "en",
            "source_description": "",
            "top_concept": false
        },
        "model": "vocabs.skosconcept",
        "pk": 494
    },
    {
        "fields": {
            "broader_concept": null,
            "collection": [
                12
            ],
            "date_created": "2019-12-11T16:05:45.710Z",
            "date_modified": "2019-12-11T16:14:51.387Z",
            "dc_creator": "",
            "definition": "",
            "definition_lang": "en",
            "legacy_id": "planum",
            "name_reverse": "",
            "namespace": 1,
            "notation": "planum",
            "other_label": [],
            "pref_label": "planum",
            "pref_label_lang": "en",
            "same_as_external": "",
            "scheme": [],
            "skos_broader": [],
            "skos_broadmatch": [],
            "skos_changenote": "",
            "skos_closematch": [],
            "skos_editorialnote": "",
            "skos_exactmatch": [],
            "skos_example": "",
            "skos_historynote": "",
            "skos_narrower": [],
            "skos_narrowmatch": [],
            "skos_note": "",
            "skos_note_lang": "en",
            "skos_related": [],
            "skos_relatedmatch": [],
            "skos_scopenote": "",
            "skos_scopenote_lang": "en",
            "source_description": "",
            "top_concept": false
        },
        "model": "vocabs.skosconcept",
        "pk": 276
    },
    {
        "fields": {
            "access": null,
            "canonic_arche_uri": "https://id.acdh.oeaw.ac.at/orea",
            "drawer_monogram": "",
            "excavation": "",
            "fc_directory": "",
            "fc_extension": null,
            "fc_filename": "",
            "fc_match": false,
            "fc_name": "",
            "fc_type": null,
            "legacy_id": "orea",
            "name": "OREA",
            "orig_data_csv": "",
            "xx_4dpuzzle": "",
            "year": ""
        },
        "model": "archiv.actor",
        "pk": 243
    },
    {
        "fields": {
            "creator": "",
            "date_created": "2019-12-11T15:49:56.409Z",
            "date_modified": "2019-12-11T15:49:56.409Z",
            "label_lang": "en",
            "legacy_id": "",
            "name": "original_material",
            "skos_changenote": "",
            "skos_editorialnote": "",
            "skos_example": "",
            "skos_historynote": "",
            "skos_note": "",
            "skos_note_lang": "en",
            "skos_scopenote": "",
            "skos_scopenote_lang": "en"
        },
        "model": "vocabs.skoscollection",
        "pk": 11
    },
    {
        "fields": {
            "broader_concept": null,
            "collection": [
                1
            ],
            "date_created": "2019-12-11T15:44:21.622Z",
            "date_modified": "2019-12-11T18:24:41.339Z",
            "dc_creator": "",
            "definition": "",
            "definition_lang": "en",
            "legacy_id": "public",
            "name_reverse": "",
            "namespace": 1,
            "notation": "public",
            "other_label": [],
            "pref_label": "public",
            "pref_label_lang": "en",
            "same_as_external": "",
            "scheme": [],
            "skos_broader": [],
            "skos_broadmatch": [],
            "skos_changenote": "",
            "skos_closematch": [],
            "skos_editorialnote": "",
            "skos_exactmatch": [],
            "skos_example": "",
            "skos_historynote": "",
            "skos_narrower": [],
            "skos_narrowmatch": [],
            "skos_note": "",
            "skos_note_lang": "en",
            "skos_related": [],
            "skos_relatedmatch": [],
            "skos_scopenote": "",
            "skos_scopenote_lang": "en",
            "source_description": "",
            "top_concept": false
        },
        "model": "vocabs.skosconcept",
        "pk": 2
    },
    {
        "fields": {
            "creator": "",
            "date_created": "2019-12-11T17:57:36.793Z",
            "date_modified": "2019-12-11T17:57:36.793Z",
            "label_lang": "en",
            "legacy_id": "",
            "name": "creator_metadata",
            "skos_changenote": "",
            "skos_editorialnote": "",
            "skos_example": "",
            "skos_historynote": "",
            "skos_note": "",
            "skos_note_lang": "en",
            "skos_scopenote": "",
            "skos_scopenote_lang": "en"
        },
        "model": "vocabs.skoscollection",
        "pk": 24
    },
    {
        "fields": {
            "creator": "",
            "date_created": "2019-12-11T15:49:56.362Z",
            "date_modified": "2019-12-11T15:49:56.362Z",
            "label_lang": "en",
            "legacy_id": "",
            "name": "equipment_scan",
            "skos_changenote": "",
            "skos_editorialnote": "",
            "skos_example": "",
            "skos_historynote": "",
            "skos_note": "",
            "skos_note_lang": "en",
            "skos_scopenote": "",
            "skos_scopenote_lang": "en"
        },
        "model": "vocabs.skoscollection",
        "pk": 10
    },
    {
        "fields": {
            "creator": "",
            "date_created": "2019-12-11T15:49:43.848Z",
            "date_modified": "2019-12-11T15:49:43.848Z",
            "label_lang": "en",
            "legacy_id": "",
            "name": "site_id",
            "skos_changenote": "",
            "skos_editorialnote": "",
            "skos_example": "",
            "skos_historynote": "",
            "skos_note": "",
            "skos_note_lang": "en",
            "skos_scopenote": "",
            "skos_scopenote_lang": "en"
        },
        "model": "vocabs.skoscollection",
        "pk": 7
    },
    {
        "fields": {
            "creator": "",
            "date_created": "2019-12-11T15:44:15.139Z",
            "date_modified": "2019-12-11T15:44:15.139Z",
            "label_lang": "en",
            "legacy_id": "",
            "name": "access",
            "skos_changenote": "",
            "skos_editorialnote": "",
            "skos_example": "",
            "skos_historynote": "",
            "skos_note": "",
            "skos_note_lang": "en",
            "skos_scopenote": "",
            "skos_scopenote_lang": "en"
        },
        "model": "vocabs.skoscollection",
        "pk": 1
    },
    {
        "fields": {
            "creator": "",
            "date_created": "2019-12-11T16:14:56.552Z",
            "date_modified": "2019-12-11T16:14:56.552Z",
            "label_lang": "en",
            "legacy_id": "",
            "name": "creator_scan",
            "skos_changenote": "",
            "skos_editorialnote": "",
            "skos_example": "",
            "skos_historynote": "",
            "skos_note": "",
            "skos_note_lang": "en",
            "skos_scopenote": "",
            "skos_scopenote_lang": "en"
        },
        "model": "vocabs.skoscollection",
        "pk": 17
    },
    {
        "fields": {
            "creator": "",
            "date_created": "2019-12-11T15:49:43.801Z",
            "date_modified": "2019-12-11T15:49:43.801Z",
            "label_lang": "en",
            "legacy_id": "",
            "name": "copyright",
            "skos_changenote": "",
            "skos_editorialnote": "",
            "skos_example": "",
            "skos_historynote": "",
            "skos_note": "",
            "skos_note_lang": "en",
            "skos_scopenote": "",
            "skos_scopenote_lang": "en"
        },
        "model": "vocabs.skoscollection",
        "pk": 6
    },
    {
        "fields": {
            "creator": "",
            "date_created": "2019-12-11T15:49:56.268Z",
            "date_modified": "2019-12-11T15:49:56.268Z",
            "label_lang": "en",
            "legacy_id": "",
            "name": "file_extension",
            "skos_changenote": "",
            "skos_editorialnote": "",
            "skos_example": "",
            "skos_historynote": "",
            "skos_note": "",
            "skos_note_lang": "en",
            "skos_scopenote": "",
            "skos_scopenote_lang": "en"
        },
        "model": "vocabs.skoscollection",
        "pk": 9
    },
    {
        "fields": {
            "creator": "",
            "date_created": "2019-12-11T15:49:44.266Z",
            "date_modified": "2019-12-11T15:49:44.266Z",
            "label_lang": "en",
            "legacy_id": "",
            "name": "file_extension_original",
            "skos_changenote": "",
            "skos_editorialnote": "",
            "skos_example": "",
            "skos_historynote": "",
            "skos_note": "",
            "skos_note_lang": "en",
            "skos_scopenote": "",
            "skos_scopenote_lang": "en"
        },
        "model": "vocabs.skoscollection",
        "pk": 8
    },
    {
        "fields": {
            "creator": "",
            "date_created": "2019-12-11T15:49:43.769Z",
            "date_modified": "2019-12-11T15:49:43.769Z",
            "label_lang": "en",
            "legacy_id": "",
            "name": "file_extension_archivalobject",
            "skos_changenote": "",
            "skos_editorialnote": "",
            "skos_example": "",
            "skos_historynote": "",
            "skos_note": "",
            "skos_note_lang": "en",
            "skos_scopenote": "",
            "skos_scopenote_lang": "en"
        },
        "model": "vocabs.skoscollection",
        "pk": 5
    },
    {
        "fields": {
            "namespace": "https://vocabs.acdh.oeaw.ac.at/provide-some-namespace",
            "prefix": "p4d"
        },
        "model": "vocabs.skosnamespace",
        "pk": 1
    },
    {
        "fields": {
            "area": 494,
            "creator_metadata": 243,
            "digitisation_comment": null,
            "excavation_id": [],
            "excavation_object_id": "TD_F-I_j20_Planum1-2",
            "excavation_object_type": 276,
            "fc_directory": null,
            "fc_extension": null,
            "fc_filename": null,
            "fc_match": false,
            "fc_name": null,
            "fc_type": null,
            "legacy_id": "td_f-i_j20_planum1-2",
            "orig_data_csv": "{\"excavation_object_id\": \"TD_F-I_j20_Planum1-2\", \"excavation_object_type\": \"Planum\", \"site_id\": \"TD\", \"area\": \"F-I\", \"square_trench\": \"j20\", \"planum\": \"1-2\", \"profile_orientation\": NaN, \"excavation_id\": NaN, \"year\": \"1979\", \"season\": NaN, \"part_of_excavation_object_id\": NaN, \"creator_metadata\": \"OREA\", \"digitisation_comment\": NaN}",
            "part_of_excavation_object_id": [],
            "planum": 289,
            "profile_orientation": "",
            "season": null,
            "site_id": 265,
            "square_trench": 502,
            "year": "1979"
        },
        "model": "archiv.excavationobjectid",
        "pk": 1027
    },
    {
        "fields": {
            "broader_concept": null,
            "collection": [
                11
            ],
            "date_created": "2019-12-11T16:14:56.584Z",
            "date_modified": "2019-12-11T16:14:56.584Z",
            "dc_creator": "",
            "definition": "",
            "definition_lang": "en",
            "legacy_id": "",
            "name_reverse": "",
            "namespace": 1,
            "notation": "millimeterpapier",
            "other_label": [],
            "pref_label": "millimeterpapier",
            "pref_label_lang": "en",
            "same_as_external": "",
            "scheme": [],
            "skos_broader": [],
            "skos_broadmatch": [],
            "skos_changenote": "",
            "skos_closematch": [],
            "skos_editorialnote": "",
            "skos_exactmatch": [],
            "skos_example": "",
            "skos_historynote": "",
            "skos_narrower": [],
            "skos_narrowmatch": [],
            "skos_note": "",
            "skos_note_lang": "en",
            "skos_related": [],
            "skos_relatedmatch": [],
            "skos_scopenote": "",
            "skos_scopenote_lang": "en",
            "source_description": "",
            "top_concept": false
        },
        "model": "vocabs.skosconcept",
        "pk": 785
    },
    {
        "fields": {
            "access": 1,
            "canonic_arche_uri": "https://viaf.org/viaf/23552115",
            "drawer_monogram": "WvH",
            "excavation": "yes",
            "fc_directory": "",
            "fc_extension": null,
            "fc_filename": "",
            "fc_match": false,
            "fc_name": "",
            "fc_type": null,
            "legacy_id": "willem van haarlem",
            "name": "Willem van Haarlem",
            "orig_data_csv": "{\"name\": \"Willem van Haarlem\", \"drawer_monogram\": \"WvH\", \"excavation\": \"yes\", \"4dpuzzle\": \"no\", \"year\": \"1979|1982|1987|1988|1990\", \"access\": \"restricted\"}",
            "xx_4dpuzzle": "",
            "year": "1979|1982|1987|1988|1990"
        },
        "model": "archiv.actor",
        "pk": 210
    },
    {
        "fields": {
            "access": 2,
            "canonic_arche_uri": "https://id.acdh.oeaw.ac.at/kburkhart",
            "drawer_monogram": "",
            "excavation": "no",
            "fc_directory": "",
            "fc_extension": null,
            "fc_filename": "",
            "fc_match": false,
            "fc_name": "",
            "fc_type": null,
            "legacy_id": "karl burkhart",
            "name": "Karl Burkhart",
            "orig_data_csv": "{\"name\": \"Karl Burkhart\", \"drawer_monogram\": NaN, \"excavation\": \"no\", \"4dpuzzle\": \"yes\", \"year\": \"2016|2017|2018|2019\", \"access\": \"public\"}",
            "xx_4dpuzzle": "",
            "year": "2016|2017|2018|2019"
        },
        "model": "archiv.actor",
        "pk": 239
    },
    {
        "fields": {
            "analogue_borndigital": null,
            "description": "Digitised fielddrawing which documents in detail a situation at the excavation.",
            "document_maintype": "Feldzeichnung",
            "document_subtype": "Detail",
            "document_type": "Feldzeichnung__Detail",
            "ds_abbr": "DZ",
            "dt_abbr": "FZ",
            "fc_directory": null,
            "fc_extension": null,
            "fc_filename": null,
            "fc_match": false,
            "fc_name": null,
            "fc_type": null,
            "legacy_id": "feldzeichnung__detail",
            "orig_data_csv": "{\"document_type\": \"Feldzeichnung__Detail\", \"document_maintype\": \"Feldzeichnung\", \"dt_abbr\": \"FZ\", \"document_subtype\": \"Detail\", \"ds_abbr\": \"DZ\", \"analog_borndigital\": \"analogous\", \"description\": \"Digitised fielddrawing which documents in detail a situation at the excavation.\"}"
        },
        "model": "archiv.documenttypes",
        "pk": 13
    },
    {
        "fields": {
            "broader_concept": null,
            "collection": [
                17,
                24
            ],
            "date_created": "2019-12-11T16:14:56.552Z",
            "date_modified": "2020-02-11T16:16:10.700Z",
            "dc_creator": "",
            "definition": "",
            "definition_lang": "en",
            "legacy_id": "orea",
            "name_reverse": "",
            "namespace": 1,
            "notation": "orea",
            "other_label": [],
            "pref_label": "orea",
            "pref_label_lang": "en",
            "same_as_external": "https://id.acdh.oeaw.ac.at/orea",
            "scheme": [],
            "skos_broader": [],
            "skos_broadmatch": [],
            "skos_changenote": "",
            "skos_closematch": [],
            "skos_editorialnote": "",
            "skos_exactmatch": [],
            "skos_example": "",
            "skos_historynote": "",
            "skos_narrower": [],
            "skos_narrowmatch": [],
            "skos_note": "",
            "skos_note_lang": "en",
            "skos_related": [],
            "skos_relatedmatch": [],
            "skos_scopenote": "",
            "skos_scopenote_lang": "en",
            "source_description": "",
            "top_concept": false
        },
        "model": "vocabs.skosconcept",
        "pk": 784
    },
    {
        "fields": {
            "broader_concept": null,
            "collection": [
                10
            ],
            "date_created": "2019-12-11T15:49:56.362Z",
            "date_modified": "2019-12-11T19:13:03.697Z",
            "dc_creator": "",
            "definition": "",
            "definition_lang": "en",
            "legacy_id": "epson expression 11000xl",
            "name_reverse": "",
            "namespace": 1,
            "notation": "epson-expression-11000xl",
            "other_label": [],
            "pref_label": "epson expression 11000xl",
            "pref_label_lang": "en",
            "same_as_external": "",
            "scheme": [],
            "skos_broader": [],
            "skos_broadmatch": [],
            "skos_changenote": "",
            "skos_closematch": [],
            "skos_editorialnote": "",
            "skos_exactmatch": [],
            "skos_example": "",
            "skos_historynote": "",
            "skos_narrower": [],
            "skos_narrowmatch": [],
            "skos_note": "",
            "skos_note_lang": "en",
            "skos_related": [],
            "skos_relatedmatch": [],
            "skos_scopenote": "",
            "skos_scopenote_lang": "en",
            "source_description": "",
            "top_concept": false
        },
        "model": "vocabs.skosconcept",
        "pk": 270
    },
    {
        "fields": {
            "broader_concept": null,
            "collection": [
                7
            ],
            "date_created": "2019-12-11T15:49:43.848Z",
            "date_modified": "2020-12-03T08:12:08.947Z",
            "dc_creator": "",
            "definition": "",
            "definition_lang": "en",
            "legacy_id": "td",
            "name_reverse": "",
            "namespace": 1,
            "notation": "td",
            "other_label": [],
            "pref_label": "td",
            "pref_label_lang": "en",
            "same_as_external": "",
            "scheme": [],
            "skos_broader": [],
            "skos_broadmatch": [],
            "skos_changenote": "",
            "skos_closematch": [],
            "skos_editorialnote": "",
            "skos_exactmatch": [],
            "skos_example": "",
            "skos_historynote": "",
            "skos_narrower": [],
            "skos_narrowmatch": [],
            "skos_note": "",
            "skos_note_lang": "en",
            "skos_related": [],
            "skos_relatedmatch": [],
            "skos_scopenote": "",
            "skos_scopenote_lang": "en",
            "source_description": "",
            "top_concept": false
        },
        "model": "vocabs.skosconcept",
        "pk": 265
    },
    {
        "fields": {
            "broader_concept": null,
            "collection": [
                1
            ],
            "date_created": "2019-12-11T15:44:15.124Z",
            "date_modified": "2020-12-03T08:12:08.665Z",
            "dc_creator": "",
            "definition": "",
            "definition_lang": "en",
            "legacy_id": "restricted",
            "name_reverse": "",
            "namespace": 1,
            "notation": "restricted",
            "other_label": [],
            "pref_label": "restricted",
            "pref_label_lang": "en",
            "same_as_external": "",
            "scheme": [],
            "skos_broader": [],
            "skos_broadmatch": [],
            "skos_changenote": "",
            "skos_closematch": [],
            "skos_editorialnote": "",
            "skos_exactmatch": [],
            "skos_example": "",
            "skos_historynote": "",
            "skos_narrower": [],
            "skos_narrowmatch": [],
            "skos_note": "",
            "skos_note_lang": "en",
            "skos_related": [],
            "skos_relatedmatch": [],
            "skos_scopenote": "",
            "skos_scopenote_lang": "en",
            "source_description": "",
            "top_concept": false
        },
        "model": "vocabs.skosconcept",
        "pk": 1
    },
    {
        "fields": {
            "broader_concept": null,
            "collection": [
                6,
                17
            ],
            "date_created": "2019-12-11T15:49:43.801Z",
            "date_modified": "2020-12-03T08:12:08.915Z",
            "dc_creator": "",
            "definition": "",
            "definition_lang": "en",
            "legacy_id": "\u00f6aw (\u00f6ai/orea)",
            "name_reverse": "",
            "namespace": 1,
            "notation": "\u00f6aw-\u00f6aiorea",
            "other_label": [],
            "pref_label": "\u00f6aw (\u00f6ai/orea)",
            "pref_label_lang": "en",
            "same_as_external": "https://id.acdh.oeaw.ac.at/oeaw",
            "scheme": [],
            "skos_broader": [],
            "skos_broadmatch": [],
            "skos_changenote": "",
            "skos_closematch": [],
            "skos_editorialnote": "",
            "skos_exactmatch": [],
            "skos_example": "",
            "skos_historynote": "",
            "skos_narrower": [],
            "skos_narrowmatch": [],
            "skos_note": "",
            "skos_note_lang": "en",
            "skos_related": [],
            "skos_relatedmatch": [],
            "skos_scopenote": "",
            "skos_scopenote_lang": "en",
            "source_description": "",
            "top_concept": false
        },
        "model": "vocabs.skosconcept",
        "pk": 264
    },
    {
        "fields": {
            "broader_concept": null,
            "collection": [
                5,
                8,
                9
            ],
            "date_created": "2019-12-11T15:49:43.754Z",
            "date_modified": "2019-12-11T18:25:11.620Z",
            "dc_creator": "",
            "definition": "",
            "definition_lang": "en",
            "legacy_id": ".tif",
            "name_reverse": "",
            "namespace": 1,
            "notation": "tif",
            "other_label": [],
            "pref_label": ".tif",
            "pref_label_lang": "en",
            "same_as_external": "",
            "scheme": [],
            "skos_broader": [],
            "skos_broadmatch": [],
            "skos_changenote": "",
            "skos_closematch": [],
            "skos_editorialnote": "",
            "skos_exactmatch": [],
            "skos_example": "",
            "skos_historynote": "",
            "skos_narrower": [],
            "skos_narrowmatch": [],
            "skos_note": "",
            "skos_note_lang": "en",
            "skos_related": [],
            "skos_relatedmatch": [],
            "skos_scopenote": "",
            "skos_scopenote_lang": "en",
            "source_description": "",
            "top_concept": false
        },
        "model": "vocabs.skosconcept",
        "pk": 263
    },
    {
        "fields": {
            "access": 1,
            "amendment_date": "",
            "amendment_drawn_by": [],
            "archaeological_object_id": [],
            "copyright": 264,
            "creation_date_metadata": "2017-01-18",
            "creation_date_original": null,
            "creation_date_scan": "2017-01-18",
            "creation_year_original": "1979",
            "creator_metadata": [
                239
            ],
            "creator_original": [
                210
            ],
            "creator_scan": 784,
            "digitisation_comment": null,
            "document_id": "TD_FZ_1015",
            "document_title": "TD_F-I_j20_Planum1-2",
            "document_type": [
                13
            ],
            "drawer_monogram": [
                210
            ],
            "equipment_scan": 270,
            "excavation_id": [],
            "excavation_object_id": [
                1027
            ],
            "excavation_post_excavation": null,
            "fc_directory": "R:/OREA-EGYPT_Puzzle4D/ARCHE-preparation/original/PhysicalFeatures_Befunde_S20/Areal_F-I/Zeichnungen_Plaene/Feldzeichnungen/j20/",
            "fc_extension": "tif",
            "fc_filename": "TD_FZ_1015__TD_F-I_j20_Planum1-2.tif",
            "fc_match": true,
            "fc_name": "R:/OREA-EGYPT_Puzzle4D/ARCHE-preparation/original/PhysicalFeatures_Befunde_S20/Areal_F-I/Zeichnungen_Plaene/Feldzeichnungen/j20/TD_FZ_1015__TD_F-I_j20_Planum1-2.tif",
            "fc_type": "image/tiff",
            "file_extension": 263,
            "filename": "TD_FZ_1015__TD_F-I_j20_Planum1-2",
            "find_inventory_number": "",
            "legacy_id": "td_fz_1015__td_f-i_j20_planum1-2",
            "month": "",
            "orig_data_csv": "{\"filename\": \"TD_FZ_1015__TD_F-I_j20_Planum1-2\", \"document_id\": \"TD_FZ_1015\", \"document_title\": \"TD_F-I_j20_Planum1-2\", \"document_type\": \"Feldzeichnung__Detail\", \"document_maintype\": \"Feldzeichnung\", \"dt_abbr\": \"FZ\", \"document_subtype\": \"Detail\", \"dst_abbr\": \"DZ\", \"creation_date_original\": NaN, \"excavation_id\": NaN, \"creation_year_original\": \"1979\", \"creation_date_scan\": \"2017-01-18T00:00:00\", \"file_extension\": \".tif\", \"creation_date_metadata\": \"2017-01-18T00:00:00\", \"creator_metadata\": \"Karl Burkhart\", \"creator_original\": \"Willem van Haarlem\", \"copyright\": \"\\u00d6AW (\\u00d6AI/OREA)\", \"access\": \"restricted\", \"storage_folder_original\": \"F/I-j/20 Graeber+Details\", \"site_id\": \"TD\", \"equipment_scan\": \"EPSON Expression 11000XL\", \"source__original_copy_edited_copy\": \"Original\", \"resolution_scan_ppi\": 600, \"creator_scan\": \"OREA\", \"original_material\": \"Millimeterpapier\", \"original_inventory_number\": 1015, \"find_inventory_number\": NaN, \"amendment_drawn_by\": NaN, \"amendment_date\": NaN, \"drawer_monogram\": \"WvH\", \"excavation_object_id\": \"TD_F-I_j20_Planum1-2\", \"archaeological_object_id\": NaN, \"stratum_id_relative\": NaN, \"stratum_id_absolute_prepub\": NaN, \"stratum_comment\": \"b2\", \"season\": NaN, \"month\": NaN, \"scale\": \"1:10\", \"excavation__post_excavation\": \"Feldbeobachtung\", \"original_comment\": NaN, \"digitisation_comment\": NaN}",
            "original_comment": null,
            "original_inventory_number": "",
            "original_material": [
                785
            ],
            "resolution_scan_ppi": null,
            "scale": "1:10",
            "season": null,
            "site_id": 265,
            "source_original_copy_edited_copy": null,
            "storage_folder_original": "F/I-j/20 Graeber+Details",
            "stratum_comment": "b2",
            "stratum_id_absolute_prepub": "",
            "stratum_id_relative": ""
        },
        "model": "archiv.fielddrawing",
        "pk": 1557
    },
    {
        "fields": {
            "creator": "",
            "date_created": "2019-12-11T16:14:51.934Z",
            "date_modified": "2019-12-11T16:14:51.934Z",
            "label_lang": "en",
            "legacy_id": "",
            "name": "season",
            "skos_changenote": "",
            "skos_editorialnote": "",
            "skos_example": "",
            "skos_historynote": "",
            "skos_note": "",
            "skos_note_lang": "en",
            "skos_scopenote": "",
            "skos_scopenote_lang": "en"
        },
        "model": "vocabs.skoscollection",
        "pk": 16
    },
    {
        "fields": {
            "broader_concept": null,
            "collection": [
                14,
                16
            ],
            "date_created": "2019-12-11T16:08:40.929Z",
            "date_modified": "2019-12-11T16:14:54.693Z",
            "dc_creator": "",
            "definition": "",
            "definition_lang": "en",
            "legacy_id": "h",
            "name_reverse": "",
            "namespace": 1,
            "notation": "h",
            "other_label": [],
            "pref_label": "h",
            "pref_label_lang": "en",
            "same_as_external": "",
            "scheme": [],
            "skos_broader": [],
            "skos_broadmatch": [],
            "skos_changenote": "",
            "skos_closematch": [],
            "skos_editorialnote": "",
            "skos_exactmatch": [],
            "skos_example": "",
            "skos_historynote": "",
            "skos_narrower": [],
            "skos_narrowmatch": [],
            "skos_note": "",
            "skos_note_lang": "en",
            "skos_related": [],
            "skos_relatedmatch": [],
            "skos_scopenote": "",
            "skos_scopenote_lang": "en",
            "source_description": "",
            "top_concept": false
        },
        "model": "vocabs.skosconcept",
        "pk": 487
    },
    {
        "fields": {
            "creator": "",
            "date_created": "2019-12-11T16:36:17.185Z",
            "date_modified": "2019-12-11T16:36:17.185Z",
            "label_lang": "en",
            "legacy_id": "",
            "name": "equipment_camera_brand",
            "skos_changenote": "",
            "skos_editorialnote": "",
            "skos_example": "",
            "skos_historynote": "",
            "skos_note": "",
            "skos_note_lang": "en",
            "skos_scopenote": "",
            "skos_scopenote_lang": "en"
        },
        "model": "vocabs.skoscollection",
        "pk": 20
    },
    {
        "fields": {
            "creator": "",
            "date_created": "2019-12-11T16:36:17.154Z",
            "date_modified": "2019-12-11T16:36:17.154Z",
            "label_lang": "en",
            "legacy_id": "",
            "name": "film_brand",
            "skos_changenote": "",
            "skos_editorialnote": "",
            "skos_example": "",
            "skos_historynote": "",
            "skos_note": "",
            "skos_note_lang": "en",
            "skos_scopenote": "",
            "skos_scopenote_lang": "en"
        },
        "model": "vocabs.skoscollection",
        "pk": 19
    },
    {
        "fields": {
            "creator": "",
            "date_created": "2019-12-11T16:36:17.123Z",
            "date_modified": "2019-12-11T16:36:17.123Z",
            "label_lang": "en",
            "legacy_id": "",
            "name": "film_format",
            "skos_changenote": "",
            "skos_editorialnote": "",
            "skos_example": "",
            "skos_historynote": "",
            "skos_note": "",
            "skos_note_lang": "en",
            "skos_scopenote": "",
            "skos_scopenote_lang": "en"
        },
        "model": "vocabs.skoscollection",
        "pk": 18
    },
    {
        "fields": {
            "access": 2,
            "excavation_id": "1966H",
            "fc_directory": null,
            "fc_extension": null,
            "fc_filename": null,
            "fc_match": false,
            "fc_name": null,
            "fc_type": null,
            "grabungskampagnen": "19. Juli bis 3. November 1966  + 24. November bis 21. Dezember 1966",
            "legacy_id": "1966h",
            "orig_data_csv": "{\"excavation_id\": \"1966H\", \"grabungskampagnen\": \"19. Juli bis 3. November 1966  + 24. November bis 21. Dezember 1966\", \"start_date_end_date\": \"1966-07-19 /  1966-12-21\", \"season\": \"H\", \"year\": 1966, \"access\": \"public\"}",
            "season": 487,
            "start_date_end_date": "{\"bounds\": \"[)\", \"lower\": \"1966-07-19\", \"upper\": \"1966-12-21\"}",
            "year": ""
        },
        "model": "archiv.excavationseasons",
        "pk": 7
    },
    {
        "fields": {
            "broader_concept": null,
            "collection": [
                15
            ],
            "date_created": "2019-12-11T16:05:46.429Z",
            "date_modified": "2019-12-11T16:14:49.074Z",
            "dc_creator": "",
            "definition": "",
            "definition_lang": "en",
            "legacy_id": "1",
            "name_reverse": "",
            "namespace": 1,
            "notation": "1",
            "other_label": [],
            "pref_label": "1",
            "pref_label_lang": "en",
            "same_as_external": "",
            "scheme": [],
            "skos_broader": [],
            "skos_broadmatch": [],
            "skos_changenote": "",
            "skos_closematch": [],
            "skos_editorialnote": "",
            "skos_exactmatch": [],
            "skos_example": "",
            "skos_historynote": "",
            "skos_narrower": [],
            "skos_narrowmatch": [],
            "skos_note": "",
            "skos_note_lang": "en",
            "skos_related": [],
            "skos_relatedmatch": [],
            "skos_scopenote": "",
            "skos_scopenote_lang": "en",
            "source_description": "",
            "top_concept": false
        },
        "model": "vocabs.skosconcept",
        "pk": 284
    },
    {
        "fields": {
            "broader_concept": null,
            "collection": [
                14
            ],
            "date_created": "2019-12-11T16:05:51.632Z",
            "date_modified": "2019-12-11T16:14:22.166Z",
            "dc_creator": "",
            "definition": "",
            "definition_lang": "en",
            "legacy_id": "g6",
            "name_reverse": "",
            "namespace": 1,
            "notation": "g6",
            "other_label": [],
            "pref_label": "g6",
            "pref_label_lang": "en",
            "same_as_external": "",
            "scheme": [],
            "skos_broader": [],
            "skos_broadmatch": [],
            "skos_changenote": "",
            "skos_closematch": [],
            "skos_editorialnote": "",
            "skos_exactmatch": [],
            "skos_example": "",
            "skos_historynote": "",
            "skos_narrower": [],
            "skos_narrowmatch": [],
            "skos_note": "",
            "skos_note_lang": "en",
            "skos_related": [],
            "skos_relatedmatch": [],
            "skos_scopenote": "",
            "skos_scopenote_lang": "en",
            "source_description": "",
            "top_concept": false
        },
        "model": "vocabs.skosconcept",
        "pk": 296
    },
    {
        "fields": {
            "broader_concept": null,
            "collection": [
                13,
                14
            ],
            "date_created": "2019-12-11T16:05:45.632Z",
            "date_modified": "2019-12-11T16:14:22.166Z",
            "dc_creator": "",
            "definition": "",
            "definition_lang": "en",
            "legacy_id": "a-i",
            "name_reverse": "",
            "namespace": 1,
            "notation": "a-i",
            "other_label": [],
            "pref_label": "a-i",
            "pref_label_lang": "en",
            "same_as_external": "",
            "scheme": [],
            "skos_broader": [],
            "skos_broadmatch": [],
            "skos_changenote": "",
            "skos_closematch": [],
            "skos_editorialnote": "",
            "skos_exactmatch": [],
            "skos_example": "",
            "skos_historynote": "",
            "skos_narrower": [],
            "skos_narrowmatch": [],
            "skos_note": "",
            "skos_note_lang": "en",
            "skos_related": [],
            "skos_relatedmatch": [],
            "skos_scopenote": "",
            "skos_scopenote_lang": "en",
            "source_description": "",
            "top_concept": false
        },
        "model": "vocabs.skosconcept",
        "pk": 275
    },
    {
        "fields": {
            "broader_concept": null,
            "collection": [
                11
            ],
            "date_created": "2019-12-11T16:36:17.201Z",
            "date_modified": "2019-12-11T16:41:51.660Z",
            "dc_creator": "",
            "definition": "",
            "definition_lang": "en",
            "legacy_id": "vermutl. polyester oder acetat",
            "name_reverse": "",
            "namespace": 1,
            "notation": "vermutl-polyester-oder-acetat",
            "other_label": [],
            "pref_label": "vermutl. polyester oder acetat",
            "pref_label_lang": "en",
            "same_as_external": "",
            "scheme": [],
            "skos_broader": [],
            "skos_broadmatch": [],
            "skos_changenote": "",
            "skos_closematch": [],
            "skos_editorialnote": "",
            "skos_exactmatch": [],
            "skos_example": "",
            "skos_historynote": "",
            "skos_narrower": [],
            "skos_narrowmatch": [],
            "skos_note": "",
            "skos_note_lang": "en",
            "skos_related": [],
            "skos_relatedmatch": [],
            "skos_scopenote": "",
            "skos_scopenote_lang": "en",
            "source_description": "",
            "top_concept": false
        },
        "model": "vocabs.skosconcept",
        "pk": 800
    },
    {
        "fields": {
            "broader_concept": null,
            "collection": [
                20
            ],
            "date_created": "2019-12-11T16:36:17.185Z",
            "date_modified": "2019-12-11T16:41:51.457Z",
            "dc_creator": "",
            "definition": "",
            "definition_lang": "en",
            "legacy_id": "nikon f1",
            "name_reverse": "",
            "namespace": 1,
            "notation": "nikon-f1",
            "other_label": [],
            "pref_label": "nikon f1",
            "pref_label_lang": "en",
            "same_as_external": "",
            "scheme": [],
            "skos_broader": [],
            "skos_broadmatch": [],
            "skos_changenote": "",
            "skos_closematch": [],
            "skos_editorialnote": "",
            "skos_exactmatch": [],
            "skos_example": "",
            "skos_historynote": "",
            "skos_narrower": [],
            "skos_narrowmatch": [],
            "skos_note": "",
            "skos_note_lang": "en",
            "skos_related": [],
            "skos_relatedmatch": [],
            "skos_scopenote": "",
            "skos_scopenote_lang": "en",
            "source_description": "",
            "top_concept": false
        },
        "model": "vocabs.skosconcept",
        "pk": 799
    },
    {
        "fields": {
            "broader_concept": null,
            "collection": [
                19
            ],
            "date_created": "2019-12-11T16:36:17.154Z",
            "date_modified": "2019-12-11T16:36:19.164Z",
            "dc_creator": "",
            "definition": "",
            "definition_lang": "en",
            "legacy_id": "kodak panatomic-x film|kodak safety film",
            "name_reverse": "",
            "namespace": 1,
            "notation": "kodak-panatomic-x-filmkodak-safety-film",
            "other_label": [],
            "pref_label": "kodak panatomic-x film|kodak safety film",
            "pref_label_lang": "en",
            "same_as_external": "",
            "scheme": [],
            "skos_broader": [],
            "skos_broadmatch": [],
            "skos_changenote": "",
            "skos_closematch": [],
            "skos_editorialnote": "",
            "skos_exactmatch": [],
            "skos_example": "",
            "skos_historynote": "",
            "skos_narrower": [],
            "skos_narrowmatch": [],
            "skos_note": "",
            "skos_note_lang": "en",
            "skos_related": [],
            "skos_relatedmatch": [],
            "skos_scopenote": "",
            "skos_scopenote_lang": "en",
            "source_description": "",
            "top_concept": false
        },
        "model": "vocabs.skosconcept",
        "pk": 798
    },
    {
        "fields": {
            "broader_concept": null,
            "collection": [
                18
            ],
            "date_created": "2019-12-11T16:36:17.123Z",
            "date_modified": "2019-12-11T16:41:51.441Z",
            "dc_creator": "",
            "definition": "",
            "definition_lang": "en",
            "legacy_id": "24x36",
            "name_reverse": "",
            "namespace": 1,
            "notation": "24x36",
            "other_label": [],
            "pref_label": "24x36",
            "pref_label_lang": "en",
            "same_as_external": "",
            "scheme": [],
            "skos_broader": [],
            "skos_broadmatch": [],
            "skos_changenote": "",
            "skos_closematch": [],
            "skos_editorialnote": "",
            "skos_exactmatch": [],
            "skos_example": "",
            "skos_historynote": "",
            "skos_narrower": [],
            "skos_narrowmatch": [],
            "skos_note": "",
            "skos_note_lang": "en",
            "skos_related": [],
            "skos_relatedmatch": [],
            "skos_scopenote": "",
            "skos_scopenote_lang": "en",
            "source_description": "",
            "top_concept": false
        },
        "model": "vocabs.skosconcept",
        "pk": 797
    },
    {
        "fields": {
            "analogue_borndigital": null,
            "description": null,
            "document_maintype": "Negativfilm",
            "document_subtype": "Schwarz-wei\u00df Film",
            "document_type": "Negativfilm__Schwarz-wei\u00df Film",
            "ds_abbr": "SWnegfilm",
            "dt_abbr": "negfilm",
            "fc_directory": null,
            "fc_extension": null,
            "fc_filename": null,
            "fc_match": false,
            "fc_name": null,
            "fc_type": null,
            "legacy_id": "negativfilm__schwarz-wei\u00df film",
            "orig_data_csv": "{\"document_type\": \"Negativfilm__Schwarz-wei\\u00df Film\", \"document_maintype\": \"Negativfilm\", \"dt_abbr\": \"negfilm\", \"document_subtype\": \"Schwarz-wei\\u00df Film\", \"ds_abbr\": \"SWnegfilm\", \"analog_borndigital\": \"analogous\", \"description\": NaN}"
        },
        "model": "archiv.documenttypes",
        "pk": 42
    },
    {
        "fields": {
            "area": 275,
            "creator_metadata": 243,
            "digitisation_comment": null,
            "excavation_id": [
                7
            ],
            "excavation_object_id": "TD_A-I_g6_Planum1",
            "excavation_object_type": 276,
            "fc_directory": null,
            "fc_extension": null,
            "fc_filename": null,
            "fc_match": false,
            "fc_name": null,
            "fc_type": null,
            "legacy_id": "td_a-i_g6_planum1",
            "orig_data_csv": "{\"excavation_object_id\": \"TD_A-I_g6_Planum1\", \"excavation_object_type\": \"Planum\", \"site_id\": \"TD\", \"area\": \"A-I\", \"square_trench\": \"g6\", \"planum\": \"1\", \"profile_orientation\": NaN, \"excavation_id\": \"1966H\", \"year\": 1966, \"season\": \"H\", \"part_of_excavation_object_id\": NaN, \"creator_metadata\": \"OREA\", \"digitisation_comment\": NaN}",
            "part_of_excavation_object_id": [],
            "planum": 284,
            "profile_orientation": "",
            "season": "H",
            "site_id": 265,
            "square_trench": 296,
            "year": null
        },
        "model": "archiv.excavationobjectid",
        "pk": 2661
    },
    {
        "fields": {
            "broader_concept": null,
            "collection": [
                10
            ],
            "date_created": "2019-12-11T16:42:15.037Z",
            "date_modified": "2019-12-11T17:57:36.606Z",
            "dc_creator": "",
            "definition": "",
            "definition_lang": "en",
            "legacy_id": "noritsuhs-1800",
            "name_reverse": "",
            "namespace": 1,
            "notation": "noritsuhs-1800",
            "other_label": [],
            "pref_label": "noritsuhs-1800",
            "pref_label_lang": "en",
            "same_as_external": "",
            "scheme": [],
            "skos_broader": [],
            "skos_broadmatch": [],
            "skos_changenote": "",
            "skos_closematch": [],
            "skos_editorialnote": "",
            "skos_exactmatch": [],
            "skos_example": "",
            "skos_historynote": "",
            "skos_narrower": [],
            "skos_narrowmatch": [],
            "skos_note": "",
            "skos_note_lang": "en",
            "skos_related": [],
            "skos_relatedmatch": [],
            "skos_scopenote": "",
            "skos_scopenote_lang": "en",
            "source_description": "",
            "top_concept": false
        },
        "model": "vocabs.skosconcept",
        "pk": 939
    },
    {
        "fields": {
            "acetic_acid_smell": "nein",
            "addition_film_identifier": "",
            "creation_year_original": null,
            "decomposition_phenomenon": "keine sichtbar",
            "digitisation_comment": null,
            "document_type": 42,
            "equipment_camera_brand": 799,
            "excavation_id": [],
            "fc_directory": null,
            "fc_extension": null,
            "fc_filename": null,
            "fc_match": false,
            "fc_name": null,
            "fc_type": null,
            "film_brand": 798,
            "film_format": 797,
            "film_id": "TD_SWnegfilm_1966_1001",
            "film_number": null,
            "foto_numbers_missing": "",
            "legacy_id": "td_swnegfilm_1966_1001",
            "orig_data_csv": "{\"film_id\": \"TD_SWnegfilm_1966_1001\", \"excavation_id\": NaN, \"creation_year_original\": 1966, \"film_number\": 1001, \"addition_film_identifier\": 1, \"document_type\": \"Negativfilm__Schwarz-wei\\u00df Film\", \"document_maintype\": \"Negativfilm\", \"dt_abbr\": \"negfilm\", \"document_subtype\": \"Schwarz-wei\\u00df Film\", \"dst_abbr\": \"SWnegfilm\", \"creation_date_metadata\": \"2017-12-01T00:00:00\", \"creator_metadata\": \"Martina Simon\", \"contact_print_present\": \"ja\", \"enlargements_present\": \"keine Information in Fotoordner\", \"film_format\": \"24x36\", \"film_brand\": \"KODAK PANATOMIC-X FILM|KODAK SAFETY FILM\", \"equipment_camera_brand\": \"Nikon F1\", \"foto_numbers_missing\": NaN, \"decomposition_phenomenon\": \"keine sichtbar\", \"acetic_acid_smell\": \"nein\", \"original_material\": \"vermutl. Polyester oder Acetat\", \"storage_folder_original\": \"1966-1967_1001-1073\", \"original_comment\": NaN, \"digitisation_comment\": NaN}",
            "original_comment": null,
            "original_material": 800,
            "storage_folder_original": "1966-1967_1001-1073"
        },
        "model": "archiv.film",
        "pk": 1
    },
    {
        "fields": {
            "analogue_borndigital": null,
            "description": "Digitised black and white photo of a planum at the excavation.",
            "document_maintype": "Schwarzwei\u00df Fotonegativ digitalisiert",
            "document_subtype": "Planumsfoto",
            "document_type": "Schwarzwei\u00df Fotonegativ digitalisiert__Planumsfoto",
            "ds_abbr": "PF",
            "dt_abbr": "SWdig",
            "fc_directory": null,
            "fc_extension": null,
            "fc_filename": null,
            "fc_match": false,
            "fc_name": null,
            "fc_type": null,
            "legacy_id": "schwarzwei\u00df fotonegativ digitalisiert__planumsfoto",
            "orig_data_csv": "{\"document_type\": \"Schwarzwei\\u00df Fotonegativ digitalisiert__Planumsfoto\", \"document_maintype\": \"Schwarzwei\\u00df Fotonegativ digitalisiert\", \"dt_abbr\": \"SWdig\", \"document_subtype\": \"Planumsfoto\", \"ds_abbr\": \"PF\", \"analog_borndigital\": \"analogous\", \"description\": \"Digitised black and white photo of a planum at the excavation.\"}"
        },
        "model": "archiv.documenttypes",
        "pk": 78
    },
    {
        "fields": {
            "access": 1,
            "canonic_arche_uri": "https://id.acdh.oeaw.ac.at/mbietak",
            "drawer_monogram": "MB",
            "excavation": "yes",
            "fc_directory": "",
            "fc_extension": null,
            "fc_filename": "",
            "fc_match": false,
            "fc_name": "",
            "fc_type": null,
            "legacy_id": "manfred bietak",
            "name": "Manfred Bietak",
            "orig_data_csv": "{\"name\": \"Manfred Bietak\", \"drawer_monogram\": \"MB\", \"excavation\": \"yes\", \"4dpuzzle\": \"no\", \"year\": \"1966|1967|1968|1975|1976|1977|1978|1979|1980|1981|1982|1983|1984|1985|1986|1987|1988|1989|1990|1991|1993|1994|1995|1996|1997|1998|1999|2000|2003|2004|2005|2006|2011\", \"access\": \"restricted\"}",
            "xx_4dpuzzle": "",
            "year": "1966|1967|1968|1975|1976|1977|1978|1979|1980|1981|1982|1983|1984|1985|1986|1987|1988|1989|1990|1991|1993|1994|1995|1996|1997|1998|1999|2000|2003|2004|2005|2006|2011"
        },
        "model": "archiv.actor",
        "pk": 15
    },
    {
        "fields": {
            "access": 1,
            "canonic_arche_uri": "https://id.acdh.oeaw.ac.at/msimon",
            "drawer_monogram": "",
            "excavation": "no",
            "fc_directory": "",
            "fc_extension": null,
            "fc_filename": "",
            "fc_match": false,
            "fc_name": "",
            "fc_type": null,
            "legacy_id": "martina simon",
            "name": "Martina Simon",
            "orig_data_csv": "{\"name\": \"Martina Simon\", \"drawer_monogram\": NaN, \"excavation\": \"no\", \"4dpuzzle\": \"yes\", \"year\": \"2015|2016|2017|2018|2019\", \"access\": \"restricted\"}",
            "xx_4dpuzzle": "",
            "year": "2015|2016|2017|2018|2019"
        },
        "model": "archiv.actor",
        "pk": 241
    },
    {
        "fields": {
            "access": 1,
            "archaeological_object_id": [],
            "archaeological_object_type": null,
            "copyright": 264,
            "creation_date_metadata": "2018-02-16",
            "creation_date_original": null,
            "creation_date_scan": "2017-12-04",
            "creation_year_original": "",
            "creator_metadata": 241,
            "creator_original": 15,
            "creator_scan": 243,
            "digitisation_comment": null,
            "document_id": "TD_SWdig_1001_16A",
            "document_title": "TD_A-I_g6_Planum1",
            "document_type": 78,
            "equipment_scan": 939,
            "excavation_id": [],
            "excavation_object_id": [
                2661
            ],
            "excavation_post_excavation": null,
            "fc_directory": "R:/OREA-EGYPT_Puzzle4D/ARCHE-preparation/original/PhysicalFeatures_Befunde_S20/Areal_A-I/Photos/1966-1967/",
            "fc_extension": "tif",
            "fc_filename": "TD_SWdig_1001_16A__TD_A-I_g6_Planum1.tif",
            "fc_match": true,
            "fc_name": "R:/OREA-EGYPT_Puzzle4D/ARCHE-preparation/original/PhysicalFeatures_Befunde_S20/Areal_A-I/Photos/1966-1967/TD_SWdig_1001_16A__TD_A-I_g6_Planum1.tif",
            "fc_type": "image/tiff",
            "file_extension": 263,
            "filename": "TD_SWdig_1001_16A__TD_A-I_g6_Planum1",
            "filename_old": "0017_16A",
            "film_id": 1,
            "film_number": null,
            "find_inventory_number": "",
            "find_material": null,
            "find_type": null,
            "legacy_id": "td_swdig_1001_16a__td_a-i_g6_planum1",
            "orig_data_csv": "{\"filename\": \"TD_SWdig_1001_16A__TD_A-I_g6_Planum1\", \"document_id\": \"TD_SWdig_1001_16A\", \"document_title\": \"TD_A-I_g6_Planum1\", \"filename_old\": \"0017_16A\", \"film_number\": 1001, \"photo_number\": \"16A\", \"document_type\": \"Schwarzwei\\u00df Fotonegativ digitalisiert__Planumsfoto\", \"document_maintype\": \"Schwarzwei\\u00df Fotonegativ digitalisiert\", \"dt_abbr\": \"SWdig\", \"document_subtype\": \"Planumsfoto\", \"dst_abbreviation\": \"PF\", \"creation_date_original\": 1966.0, \"excavation_id\": NaN, \"creation_year_original\": 1966, \"creation_date_scan\": \"2017-12-04T00:00:00\", \"file_extension\": \".tif\", \"creation_date_metadata\": \"2018-02-16T00:00:00\", \"creator_metadata\": \"Martina Simon\", \"creator_original\": \"Manfred Bietak\", \"copyright\": \"\\u00d6AW (\\u00d6AI/OREA)\", \"access\": \"restricted\", \"site_id\": \"TD\", \"equipment_scan\": \"NoritsuHS-1800\", \"source__original_copy_edited-copy\": \"original\", \"resolution_scan_ppi\": 96.0, \"creator_scan\": \"OREA\", \"pixel_size\": \"6774x4492 pixels|174,1 MB\", \"film_id\": \"TD_SWnegfilm_1966_1001\", \"find_inventory_number\": NaN, \"excavation_object_id\": \"TD_A-I_g6_Planum1\", \"archaeological_object_id\": NaN, \"archaeological_object_type\": NaN, \"find_type\": NaN, \"find_material\": NaN, \"season\": NaN, \"excavation__post-excavation\": \"Feldbeobachtung\", \"original_comment\": NaN, \"digitisation_comment\": NaN}",
            "original_comment": null,
            "photo_number": "16A",
            "pixel_size": "6774x4492 pixels|174,1 MB",
            "resolution_scan_ppi": null,
            "season": "",
            "site_id": 265,
            "source_original_copy_edited_copy": null
        },
        "model": "archiv.fotosgescannt",
        "pk": 8
    }
]
